laboratory,mechanism,source_class,source_name,source_url,observation,learning_implication,limitation,accessed_on
dogs,Trust-Mediated Care,customer language,r-dogs puzzle discussion,https://www.reddit.com/r/dogs/comments/1u9ci1o/which_puzzle_toy_does_your_dog_get_the_most/,Novelty can decay quickly and DIY enrichment may outperform purchased puzzles,Product need and suitability can be challenged cheaply,One self-selected enthusiast thread is not prevalence,2026-07-14
dogs,Trust-Mediated Care,customer language,r-dogs durability discussion,https://www.reddit.com/r/dogs/comments/1qntpuq/indestructible_dog_toys/,Owners report rapid destruction after trying multiple material classes,Durability pain and failed workarounds are observable,Individual dog variation is high,2026-07-14
dogs,Trust-Mediated Care,expert guidance,American Humane safe toys,https://www.americanhumane.org/public-education/choosing-safe-toys-for-pets/,Safety depends on size material durability supervision and inspection,Responsible research needs safety boundaries and expert review,Guidance does not establish demand or relative frequency,2026-07-14
coffee,Expertise Ladder,customer language,r-espresso wish-you-knew discussion,https://www.reddit.com/r/espresso/comments/1syrds8/what_do_you_wish_youd_known_when_you_started/,Visible responses span taste variables beans equipment channeling and information overload,Problems and competing explanations are unusually codable,Active hobbyists may overrepresent technical issues,2026-07-14
coffee,Expertise Ladder,customer language,r-espresso setup advice,https://www.reddit.com/r/espresso/comments/1rz1pzn/beginner_home_setup_advice_1000_max/,Users state budgets drink goals workflow control noise space and upgrade concerns,Constraints and actual decision paths can be preserved,Advice seeking is not purchase behavior,2026-07-14
coffee,Expertise Ladder,expert guidance,DeLonghi support,https://support.delonghi.com/en/manual-espresso-maker-ec155/,Support material structures recurring temperature flow and maintenance problems,Provides a stable troubleshooting taxonomy,One manufacturer and model family cannot establish prevalence,2026-07-14
home_organization,Friction Removal,market behavior,YouGov home organization survey,https://yougov.com/en-us/articles/52898-women-spend-more-time-than-men-organizing-homes-say-more-important-like-doing-it-more-poll,Storage belongings letting go motivation and other household members all appear as challenges,Immediately tests whether a product framing is too narrow,Self-report does not establish observed behavior or product demand,2026-07-14
home_organization,Friction Removal,customer language,r-declutter recurring clutter,https://www.reddit.com/r/declutter/comments/1ihzqyv/whats_your_rule_for_preventing_clutter_from/,People describe clutter returning and use intake limits replacement rules and routines,Behavioral alternatives are visible before product selection,One community may favor anti-consumption explanations,2026-07-14
home_organization,Friction Removal,customer language,r-declutter products that did not help,https://www.reddit.com/r/declutter/comments/1mlqvx1/what_have_i_bought_to_help_with_the_clutter_that/,Organizing products can hide accumulation while some clear systems help defined spaces,Product-versus-system hypotheses can be falsified directly,Retrospective discussion and community norms shape accounts,2026-07-14
home_organization,Friction Removal,customer language,r-organization pantry failure,https://www.reddit.com/r/organization/comments/tawlh7/ive_tried_countless_times_to_organise_this_pantry/,A pantry system repeatedly failed to remain effective,Recurrence fit and maintenance are observable,One household context cannot transfer automatically,2026-07-14
