evidence_id,problem_area,source,source_url,collection_date,geography,observed_fact,evidence_class,possible_inference,competing_explanations,cannot_establish,recency,independence,confidence
E001,General,YouGov home organization survey,https://yougov.com/en-us/articles/52898-women-spend-more-time-than-men-organizing-homes-say-more-important-like-doing-it-more-poll,2026-07-14,US,"2025 survey summary reports insufficient storage, too many belongings, difficulty letting go, motivation, and household members as separate reported challenges.",C,"Home organization complaints have multiple causal families.","Survey wording, self-report, and sample composition shape responses.","Product demand, category profitability, or individual cause.",2025 survey,"Independent polling source; also cited in prior ACE work.",medium-high
E002,General,Meta Ad Library help,https://www.facebook.com/help/259468828226154,2026-07-14,Global,"Meta states that the Ad Library permits searches of ads currently active across Meta products.",C,"The source can support future observations of active creative.","Availability does not mean a reproducible category sample was collected.","Spend, reach, duration, or profitability for ordinary commercial ads.",Current help page,"Platform description; no category evidence collected.",high
E003,General,TikTok Shop home organizers,https://shop.tiktok.com/us/k/home-organizers,2026-07-14,US,"The accessible result page displayed multiple home-organization products and one cleaning caddy listing marked 15 sold at about $19.",C,"Home-organization offers are actively listed in social commerce.","Ranking, personalization, and transient inventory may determine display.","Category demand, representative sales, ad performance, or profit.",Page crawled 2026,"Platform listing; single transient result.",low
E004,Pantry,University of Minnesota Extension pantry pests,https://extension.umn.edu/product-and-houseplant-pests/pantry-pests-insects-found-stored-food,2026-07-14,US,"Extension guidance says pantry pests contaminate food; cleanup, removal, rotation, and tightly closed heavy containers are recommended controls.",D,"Spill and pest episodes create real consequences where containment can be one component.","Guidance addresses control, not consumer purchase preference.","Willingness to pay or effectiveness of a specific container.",Current page reviewed 2024+,"Independent expert source.",high
E005,Pantry,Target Rubbermaid pantry set,https://www.target.com/p/-/A-53663905,2026-07-14,US,"The page showed 1,749 ratings; recent negative language included cracked lids and no lid-only replacement option.",B,"Durability and repairability may remain pain points after purchase.","Reviews can overrepresent extremes and may include syndicated or incentivized content.","Failure prevalence, returns, or profit.",Recent review 2026-06-04,"Retailer review corpus; brand-linked responses.",medium
E006,Pantry,Target Rubbermaid 10-piece set,https://www.target.com/p/-/A-91597497,2026-07-14,US,"A 10-piece set was listed at $69.99 with 1,555 ratings.",C,"Customers encounter meaningful price points and abundant alternatives.","Ratings and price do not show units sold or retained use.","Demand elasticity, margin, or willingness to switch.",Current listing,"Independent listing from expert guidance; same retailer as E005.",medium-high
E007,Pantry,Public pantry-container discussion,https://www.reddit.com/r/KitchenPro/comments/1sywza1/pantry_always_messy_are_airtight_food_storage/,2026-07-14,Unspecified,"A small 2026 discussion distinguishes containment of package spills from solving organization and mentions whole-bag capacity fit.",B,"Capacity and mess containment may matter more than appearance.","Small community sample may be promotional or unrepresentative.","Frequency, purchase intent, or product effectiveness.",2026-04-29,"Independent community page; authenticity not verified.",low
E008,Garage,Lowe's Sterilite garage cabinet reviews,https://www.lowes.com/reviews/sterilite-69752-garage-cabinets-storage-systems/5016876509,2026-07-14,US,"Review page contains both long-duration durability praise and reports of broken fittings and falling doors.",B,"Durability under garage use is a discriminating criterion.","Different usage, loads, manufacturing periods, and incentivized reviews may explain divergence.","Defect rate or willingness to pay for higher quality.",Reviews through 2026,"Retailer corpus; separate from safety source.",medium
E009,Garage,CPSC overhead garage rack recall,https://www.cpsc.gov/Recalls/2022/Eagle-Industrial-Group-Recalls-SafeRacks-Monsterrax-Overhead-Garage-Storage-Racks-Due-to-Impact-Injury-Hazard-Recall-Alert,2026-07-14,US,"CPSC recalled overhead garage racks because defective bolts could allow ceiling collapse and impact injury.",D,"Installation hardware and load safety are gating concerns.","A recalled model does not characterize all garage storage.","Current category incident rate or commercial demand.",2022 recall current in database,"Independent regulator.",high
E010,Garage,EPA mold and moisture,https://www.epa.gov/mold/why-mold-growing-my-home,2026-07-14,US,"EPA says mold requires water or moisture and advises fixing the water problem and drying damaged areas promptly.",D,"Wet garage storage may require source remediation before containment.","Guidance is general and not garage-product research.","Need for a storage product.",Updated 2025-09-25,"Independent expert source.",high
E011,Under-sink,IKEA UTRUSTA under-sink organizer,https://www.ikea.com/us/en/p/utrusta-under-sink-organiser-60612399/,2026-07-14,US,"The $34.99 pull-out lists exact dimensions and compatibility; 12 reviews include both successful non-IKEA fits and disposal or cabinet incompatibility.",B,"Fit certainty and infrastructure clearance are central purchase risks.","Very small review sample and self-selection.","Category-wide failure rate or conversion lift from guidance.",Current listing/reviews,"Manufacturer-retailer source; independent from Consumer Reports.",medium-high
E012,Under-sink,Consumer Reports under-sink guide,https://www.consumerreports.org/home-garden/home-organization/how-to-organize-the-cabinet-under-a-sink-a1194960617/,2026-07-14,US,"The guide recommends removing unneeded items and warns bulky door storage can collide with plumbing or the basin.",D,"A measure-and-declutter step may prevent bad purchases.","Editorial advice does not observe purchase behavior.","Demand or willingness to pay for fit help.",Updated 2026-01-27,"Independent editorial/expert source.",medium-high
E013,Under-sink,Public pipe-fit discussion,https://www.reddit.com/r/Home_improvement/comments/1trtft1/which_under_sink_organizers_work_best_for_pipes/,2026-07-14,Unspecified,"A small 2026 discussion describes pipes occupying irregular space and generic shelves failing expected fit.",B,"The fit issue appears in spontaneous customer language.","Low participation and unverifiable authorship.","Prevalence, purchase behavior, or solution quality.",2026-05-30,"Independent community source; weak sample.",low
E014,Under-sink,EPA mold and moisture,https://www.epa.gov/mold/brief-guide-mold-moisture-and-your-home,2026-07-14,US,"EPA advises acting quickly on moisture and addressing the source.",D,"An active leak is a referral/no-product boundary.","General mold guidance is not under-sink demand evidence.","Product need or commercial viability.",Page published 2026,"Independent regulator.",high
E015,Closet,Lowe's ClosetMaid BrightWood reviews,https://www.lowes.com/reviews/ClosetMaid-ClosetMaid-Brightwood-16-in-White-Tower-Organizer/5000258697,2026-07-14,US,"The page showed more than 1,000 reviews, 13% one-star, and recurring reports of damaged or missing parts, weak material, and assembly issues.",B,"Completeness, material quality, and setup confidence may be purchase barriers.","Review incentives, shipping carrier damage, and user installation vary.","Return rate, exact defect prevalence, or margin.",Reviews through 2025+,"Retailer corpus; independent from regulator.",medium-high
E016,Closet,Lowe's ClosetMaid ShelfTrack reviews,https://www.lowes.com/reviews/closetmaid-10000-05420-wire-closet-organizers/5018134903,2026-07-14,US,"The page showed 527 reviews and mentions non-standard closet fit, anchor concerns, and positive adjustability.",B,"Simpler adjustable systems may solve some needs without custom cabinetry.","Review mix and home construction differences affect outcomes.","Which segment will pay for compatibility help.",Reviews through 2026,"Same retailer but different product/system.",medium
E017,Closet,CPSC clothing storage unit FAQ,https://www.cpsc.gov/FAQ/Clothing-Storage-Units,2026-07-14,US,"CPSC describes federal stability requirements for covered clothing storage units and associated child tip-over risk.",D,"Safety classification and anchoring cannot be treated as cosmetic details.","Not every closet system is a covered clothing storage unit.","Demand, fit, or profitability.",Current regulation page,"Independent regulator.",high
E018,Refrigerator,Target narrow fridge bin,https://www.target.com/p/-/A-85318247,2026-07-14,US,"The page showed 309 ratings, strong visibility/sturdiness sentiment, dimension discrepancies, and questions about inside versus outside dimensions.",B,"Fit clarity is relevant even for simple bins.","AI-generated summary and incentivized reviews may distort themes.","Food-waste reduction, sales, or retained use.",Reviews through 2026,"Retailer corpus.",medium
E019,Refrigerator,Target produce fridge bin,https://www.target.com/p/-/A-85318294,2026-07-14,US,"The $15 bin had 229 ratings; reviewers described visibility and perceived waste reduction, while others reported dishwasher warping and poor value.",B,"Cleanability may determine whether visibility benefits persist.","Self-report cannot isolate the bin from shopping and meal-planning changes.","Causal food-waste reduction or category profitability.",Reviews through 2025,"Retailer corpus distinct product.",medium
E020,Refrigerator,ReFED 2026 food waste report,https://refed.org/uploads/2026-food-waste-report-design-final-1.pdf?=ver1,2026-07-14,US,"The report says household food waste declined about 5% from its 2024 level and identifies inventory visibility among possible interventions.",D,"Food visibility is a legitimate problem mechanism worth testing.","National waste trends and intervention lists do not validate consumer bins.","Effect of a specific organizer or willingness to pay.",Published 2026,"Independent nonprofit research source.",medium-high
E021,Bathroom,Home Depot best-rated shower-caddy assortment,https://www.homedepot.com/b/Bath-Shower-Accessories-Shower-Caddies/Best-Rated/Rust-Resistant/N-5yc1vZcfvdZbwo5qZ1z0lgwz,2026-07-14,US,"The sampled page showed 20 products; visible prices ranged about $18 to $100 across adhesive, hanging, and other designs.",C,"Buyers face multiple mounting mechanisms and price levels.","Best-rated filtering and page ranking are not representative demand samples.","Sales, returns, or profit.",Current listing,"Retailer assortment.",medium-high
E022,Bathroom,Home Depot Command shower caddy,https://www.homedepot.com/p/206841950,2026-07-14,US,"A damage-free adhesive shower caddy was listed at $17.80 with 171 reviews.",C,"Renter-friendly/removable mounting is an established offer dimension.","Listing activity and reviews do not show current unit sales.","Adhesion success by surface or profitability.",Current listing,"Specific product within same retailer as E021.",medium
E023,Bathroom,EPA mold and moisture,https://www.epa.gov/mold/brief-guide-mold-moisture-and-your-home,2026-07-14,US,"EPA identifies moisture-source control as the key response to mold risk.",D,"Bathroom storage must not conceal persistent moisture.","General safety guidance does not rank organizer needs.","Commercial opportunity.",Page published 2026,"Independent regulator.",high
E024,Laundry,IKEA ENHET laundry bin,https://www.ikea.com/us/en/p/enhet-laundry-bin-with-casters-white-50613907/,2026-07-14,US,"The 21-gallon wheeled laundry bin had 96 reviews and a 4.3 rating; the offer emphasizes movement between filling and emptying.",C,"Mobility and task transfer are part of the storage job.","One product cannot represent laundry-room demand.","Sales volume, recurring pain, or profitability.",Current listing,"Manufacturer-retailer source.",medium
E025,Laundry,Public narrow-laundry layout discussion,https://www.reddit.com/r/laundry/comments/1slpg74/tight_squeeze_need_recommendations_for_a/,2026-07-14,Unspecified,"A 2026 episode describes shallow depth plus gas-line and vent protrusion as layout constraints.",B,"Machine infrastructure can make generic storage fail.","Single low-participation episode.","Prevalence or willingness to pay.",2026-04-14,"Independent community page; weak sample.",low
E026,Laundry,Public laundry-storage discussion,https://www.reddit.com/r/laundry/comments/1sztzma/looking_for_laundry_room_organization_advice/,2026-07-14,Unspecified,"A 2026 discussion describes a hallway laundry area, limited space, and a desire for folding and narrow mobile storage.",B,"Workflow and circulation can dominate capacity.","Small convenience sample and possible recommendation bias.","Demand or best product.",2026-04-30,"Independent community page; weak sample.",low
E027,Small apartment,Public one-closet apartment discussion,https://www.reddit.com/r/UnfuckYourHabitat/comments/1rcrw23/suggestions_for_small_office_very_limited_storage/,2026-07-14,Unspecified,"A 2026 thread with visible participation includes both vertical-storage ideas and advice to reduce possessions until they fit.",B,"Small-space demand contains a product-versus-declutter conflict.","Community norms may favor decluttering and not represent shoppers.","Market size, purchase intent, or product fit.",2026-02-23,"Independent community source.",low-medium
E028,Small apartment,Public small-space storage discussion,https://www.reddit.com/r/SmallSpaceSolutions/comments/1sv6ss5/small_space_storage_ideas_always_look_perfect/,2026-07-14,Unspecified,"A small 2026 discussion questions whether online storage ideas remain useful long term.",B,"Retention and maintenance may diverge from initial visual appeal.","Very small and potentially nonrepresentative source.","Failure rate or demand.",2026-04-25,"Independent community source; weak sample.",low
E029,Toys,Walmart Delta 6-bin organizer reviews,https://www.walmart.com/reviews/product/901894469,2026-07-14,US,"The page showed 2,199 ratings and 773 reviews; negative themes include flimsy bins, small size, rapid deterioration, and tip concern.",B,"Durability and stability are material post-purchase risks.","Variant mixing, review incentives, and age/use differences affect the corpus.","Incident rate, returns, or profit.",Reviews through 2026,"Retailer corpus independent from CPSC.",medium-high
E030,Toys,Walmart Step2 toy box reviews,https://www.walmart.com/reviews/product/46880199,2026-07-14,US,"The page showed 889 ratings and 614 reviews; the manufacturer explains that a removable lid replaced a prior hinge design following toy-safety-standard changes.",B,"Safety constraints materially shape storage-product design.","Brand explanation addresses one model and may frame the issue favorably.","Category safety or demand.",Reviews through 2026,"Separate product/brand from E029.",medium-high
E031,Toys,CPSC defective tip-restraint warning,https://www.cpsc.gov/Warnings/2026/CPSC-Warns-Consumers-to-Immediately-Stop-Using-KareKlub-Plastic-Tip-Restraint-Kits-Due-to-Tip-Over-Hazard-Risk-of-Serious-Injury-and-Death,2026-07-14,US,"CPSC reported at least 15 breakage incidents involving defective plastic furniture restraints and warned of serious tip-over risk.",D,"A nominal restraint can create false confidence; component evidence matters.","The warning concerns specified restraints, not toy bins generally.","Risk for a proposed product or market demand.",2026-01-29,"Independent regulator.",high
E032,RV,Public RV cupboard discussion,https://www.reddit.com/r/GoRVing/comments/1rutmc1/how_do_you_organize_your_cupboards_any/,2026-07-14,Unspecified,"A 2026 owner episode reports dissatisfaction with aftermarket shelves; responses emphasize short cabinets, motion, awkward dimensions, and using the RV before buying.",B,"Mobile-space fit and actual-use observation may outperform generic organizer selection.","Small enthusiast sample and vehicle heterogeneity.","Prevalence, purchase intent, or safety.",2026-03,"Independent community source.",low-medium
E033,RV,Public RV movement-hack discussion,https://www.reddit.com/r/GoRVing/comments/1khwocg/whats_one_small_rv_hack_that_made_the_biggest/,2026-07-14,Unspecified,"Owners describe straps, bars, pockets, low placement, and pull-outs to prevent doors or contents moving during travel.",B,"Retention under motion is a distinct job from home organization.","Anecdotes combine many vehicle types and use cases.","Best solution, incident rate, or willingness to pay.",2025-05,"Independent community source.",low-medium
E034,RV,Camping World cabinet organizer assortment,https://www.campingworld.com/c/rv-furniture-decor/interior-storage-organization/cabinet-drawer-organizers,2026-07-14,US,"The sampled page listed small cabinet accessories from about $4 to $32 including bars, pockets, drawers, and folding shelves.",C,"Existing spending spans several motion/space solutions at low price points.","Page rank, stock, and assortment do not show sales or retained use.","Market size, margins, or product quality.",Page crawled 2026,"Retailer source independent from discussions.",medium
